Фамилия;Имя;Логин;Пароль
Пупкин;Василий;J9pCPiBa;!J8Noxd1
Лукина;Мария;MzpHKFB6;J(vE1teA
Булгакова;София;DmMjxkf5;Chxk^zUZ
Гончаров;Тимур;HIlF1kWA;datjwuOq
Вдовина;Анастасия;czCfnF2A;BJczWF*Z
Маркова;Валерия;j7Ht7ihq;z$jnu@lS
Зайцева;София;6nvp60ai;)%DE^6$0
Некрасов;Даниил;E5T1GIeY;(nqk9c^e
Марков;Дмитрий;sb7HIh6c;RqZpoCZn
Казаков;Максим;p7UWICVU;B&3GnQdK
Лазарева;Ксения;XE3Nh2Pv;wnaFTAlx
Григорьев;Александр;oXWdR5bT;gHmPhaLg
Горшков;Илья;NTCE7m6a;(4^hX^50
Денисов;Артём;gI33JscJ;%iBYgVUT
Иванов;Николай;2DMXYuZR;0*LdzD8v
Маслов;Николай;SzY9WGMh;StaXY41h
Савельева;Вероника;K7Hirqgd;86Dw!K9g
Черепанов;Александр;4pxyqMlj;*uJPZzet
Жданов;Егор;bDiv73Gn;0avHJi@O
Скворцова;Вера;r0aQDRJ6;N1%XF^yi
Белов;Роман;4paVdTKL;stEV9I46
Яковлева;Василиса;8mfOLnzY;lEvy)Hc#
Островская;Арина;TXeF6wBy;l*m2!3)W
Матвеева;Мария;f0OhI182;kRdY1OEV
